latitude,longitude,altitude,geometry,coordinates,@id,aerialway,building,network,operator,public_transport,source,wall,layer,aerialway:access,ele,name,aerialway:summer:access,internet_access,ele:local,area,aerialway:bubble,aerialway:capacity,aerialway:duration,aerialway:length,aerialway:occupancy,ref,oneway,aerialway:heating,comment,aerialway:chair_lift:occupancy,aerialway:gondola:occupancy,alt_name,covered,opening_hours,note,charge,playground,website,access,construction,maxspeed,proposed:aerialway,start_date
,,,Polygon,"6.5386136,45.3234817,6.538659,45.3234701,6.5387371,45.3234496,6.5387085,45.3233989,6.5388286,45.3233654,6.5388569,45.3234176,6.5389141,45.3234022,6.5389503,45.323473,6.5386513,45.3235528,6.5386136,45.3234817",way/181942829,station,yes,Les Menuires & Saint-Martin-de-Belleville 3 Vallées,SEVABEL,station,cadastre-dgi-fr source : Direction Générale des Impôts - Cadastre. Mise à jour : 2012,no,,,,,,,,,,,,,,,,,,,,,,,,,,,,,,,
,,,Polygon,"6.538893,45.3223899,6.5391689,45.3225306,6.5391012,45.3225965,6.5388254,45.3224558,6.538893,45.3223899",way/181943698,station,yes,Les Menuires & Saint-Martin-de-Belleville 3 Vallées,SEVABEL,station,cadastre-dgi-fr source : Direction Générale des Impôts - Cadastre. Mise à jour : 2012,no,,,,,,,,,,,,,,,,,,,,,,,,,,,,,,,
,,,Polygon,"6.5428155,45.3122109,6.5428145,45.3122849,6.5427073,45.3122819,6.542463,45.3122773,6.5424565,45.3123745,6.542352,45.3123726,6.5423617,45.312199,6.542663,45.3122061,6.5428155,45.3122109",way/181944021,station,yes,Les Menuires & Saint-Martin-de-Belleville 3 Vallées,SEVABEL,station,cadastre-dgi-fr source : Direction Générale des Impôts - Cadastre. Mise à jour : 2012,no,,,,,,,,,,,,,,,,,,,,,,,,,,,,,,,
,,,Polygon,"6.535851,45.3184744,6.5356659,45.3185823,6.5356053,45.3185309,6.5357905,45.318423,6.535851,45.3184744",way/181945013,station,yes,Les Menuires & Saint-Martin-de-Belleville 3 Vallées,SEVABEL,station,cadastre-dgi-fr source : Direction Générale des Impôts - Cadastre. Mise à jour : 2012,no,,,,,,,,,,,,,,,,,,,,,,,,,,,,,,,
,,,Polygon,"6.5357172,45.3193027,6.5353339,45.3191081,6.5353977,45.3190464,6.5355814,45.3191409,6.5357824,45.3192443,6.5357172,45.3193027",way/181945014,station,yes,Les Menuires & Saint-Martin-de-Belleville 3 Vallées,SEVABEL,station,cadastre-dgi-fr source : Direction Générale des Impôts - Cadastre. Mise à jour : 2012,,1,,,,,,,,,,,,,,,,,,,,,,,,,,,,,,
,,,Polygon,"6.5349676,45.3194356,6.5349246,45.3194546,6.5348366,45.3193576,6.5348756,45.3193376,6.5349676,45.3194356",way/181945344,station,yes,,SEVABEL,station,cadastre-dgi-fr source : Direction Générale des Impôts - Cadastre. Mise à jour : 2012,no,,,,,,,,,,,,,,,,,,,,,,,,,,,,,,,
,,,Polygon,"6.5352766,45.3194036,6.5351176,45.3194016,6.5350026,45.3194316,6.5349706,45.3193496,6.5351236,45.3193156,6.5352786,45.3193186,6.5352766,45.3194036",way/181947191,station,yes,Les Menuires & Saint-Martin-de-Belleville 3 Vallées,SEVABEL,station,cadastre-dgi-fr source : Direction Générale des Impôts - Cadastre. Mise à jour : 2012,no,,,,,,,,,,,,,,,,,,,,,,,,,,,,,,,
,,,Polygon,"6.5197548,45.3113376,6.5195703,45.3112424,6.5195567,45.3112015,6.5196846,45.3110793,6.5196569,45.3110653,6.5196948,45.3110282,6.5197214,45.3110424,6.5198205,45.3109483,6.5200831,45.3110846,6.5201974,45.3111439,6.5202191,45.3111613,6.5202184,45.3111819,6.5201751,45.3112183,6.5201489,45.3112217,6.5199711,45.3111307,6.5197548,45.3113376",way/181948001,station,yes,Les Menuires & Saint-Martin-de-Belleville 3 Vallées,SEVABEL,station,cadastre-dgi-fr source : Direction Générale des Impôts - Cadastre. Mise à jour : 2012,,,,,,,,,,,,,,,,,,,,,,,,,,,,,,,,
,,,Polygon,"6.571148,45.3967962,6.5710864,45.3967284,6.5713224,45.3966456,6.5713734,45.3967171,6.571148,45.3967962",way/182890677,station,yes,,,station,,,,entry,1484,Adret,,,,,,,,,,,,,,,,,,,,,,,,,,,
,,,Polygon,"6.5514359,45.3201098,6.551681,45.3200472,6.5517188,45.3201204,6.5514737,45.320183,6.5514359,45.3201098",way/233263641,station,yes,Les Menuires & Saint-Martin-de-Belleville 3 Vallées,SEVABEL,station,,,,,,Télésiège des Ménuires,,,,,,,,,,,,,,,,,,,,,,,,,,,
,,,Polygon,"6.582129,45.2951069,6.5821931,45.2952169,6.5821126,45.2952401,6.5821501,45.2953199,6.5820427,45.2953588,6.5819863,45.2952712,6.5819406,45.2952742,6.5818901,45.2951651,6.5819153,45.295065,6.5820405,45.2950415,6.5820875,45.2951025,6.582129,45.2951069",way/250784923,station,yes,,,station,,,,,,,,,,,,,,,,,,,,,,,,,,,,,,,,,
,,,Polygon,"6.5859154,45.3050495,6.5859614,45.3049702,6.5860824,45.3050037,6.5860323,45.3050851,6.5859154,45.3050495",way/250785122,station,yes,,SETAM,station,,,,entry,,,,,,,,,,,,,,,,,,,,,,,,,,,,,
,,,Polygon,"6.5862802,45.3050031,6.5862838,45.3050271,6.5863844,45.3050232,6.5863957,45.3051555,6.5861349,45.3051687,6.5861348,45.3051288,6.586173,45.3051281,6.5861669,45.3050099,6.5862802,45.3050031",way/250785123,station,yes,,SETAM,station,,,,entry,,,,,,,,,,,,,,,,,,,,,,,,,,,,,
,,,Polygon,"6.5783391,45.3191278,6.5783335,45.3190508,6.5785893,45.3190415,6.578595,45.3191185,6.5783391,45.3191278",way/331300264,station,yes,Les Menuires & Saint-Martin-de-Belleville 3 Vallées,SEVABEL,station,,,,,,,,,,,,,,,,,,,,,,,,,,,,,,,,,
,,,Polygon,"6.5783816,45.3182983,6.5784204,45.3182274,6.5788841,45.3183529,6.5788453,45.3184237,6.5783816,45.3182983",way/331300265,station,yes,Les Menuires & Saint-Martin-de-Belleville 3 Vallées,SEVABEL,station,,,,,,,,,,,,,,,,,,,,,,,,,,,,,,,,,
,,,Polygon,"6.5622018,45.2950774,6.5621553,45.2950054,6.562249,45.2949747,6.562365,45.2948402,6.5624637,45.2948817,6.5623364,45.2950333,6.5622018,45.2950774",way/431571141,station,yes,,SETAM,station,,,,entry,,,,,,,,,,,,,,,,,,,,,,,,,,,,,
,,,Polygon,"6.5645498,45.2939122,6.5647056,45.2939102,6.5650866,45.2942878,6.5650231,45.2943832,6.5648099,45.2943132,6.5647524,45.2944022,6.5646001,45.2943522,6.5645033,45.2943618,6.5644559,45.2943238,6.5643813,45.294264,6.5644152,45.2941972,6.5644141,45.2940803,6.5645524,45.2940777,6.5645498,45.2939122",way/654449478,station,yes,,SETAM,station,,,,both,,,both,wlan,,,,,,,,,,,,,,,,,,,,,,,,,
,,,Polygon,"6.5614751,45.2951432,6.5613388,45.2949722,6.5614351,45.2949343,6.5615712,45.2951053,6.5614751,45.2951432",way/661002645,station,yes,,SETAM,station,,,,entry,,,,,,,,,,,,,,,,,,,,,,,,,,,,,
,,,Polygon,"6.5700177,45.2955688,6.5700796,45.2954193,6.5701802,45.29544,6.5701182,45.2955894,6.5700177,45.2955688",way/661002646,station,yes,,SETAM,station,,,,entry,,,,,,,,,,,,,,,,,,,,,,,,,,,,,
,,,Polygon,"6.5737318,45.286346,6.573786,45.2862131,6.5738292,45.2862216,6.5738383,45.2861926,6.5739648,45.2862259,6.5739528,45.2862259,6.5739256,45.2862393,6.5739035,45.2862937,6.5739448,45.2863019,6.5739323,45.286338,6.573888,45.2863282,6.5738684,45.2863742,6.5738259,45.2863654,6.5737758,45.2863551,6.5737318,45.286346",way/661002648,station,yes,,SETAM,station,,,,exit,,,,,,,,,,,,,,,,,,,,,,,,,,,,,
,,,Polygon,"6.5709651,45.2461547,6.570704,45.2460707,6.5707345,45.2460236,6.5709957,45.2461076,6.5709651,45.2461547",way/661014607,station,yes,,SETAM,station,,no,,entry,,,,,,,,,,,,,,,,,,,,,,,,,,,,,
,,,Polygon,"6.5702143,45.2468928,6.5701552,45.2466587,6.5702525,45.2466465,6.5703116,45.2468807,6.5702143,45.2468928",way/661014608,station,yes,,SETAM,station,,,,entry,,,,,,,,,,,,,,,,,,,,,,,,,,,,,
,,,Polygon,"6.5876315,45.2512828,6.5876664,45.25123,6.5878825,45.2513009,6.5878477,45.2513536,6.5876315,45.2512828",way/661014610,station,yes,,SETAM,station,,no,,exit,,,,,,,,,,,,,,,,,,,,,,,,,,,,,
,,,Polygon,"6.5869956,45.2506353,6.5869455,45.2506152,6.587,45.2505478,6.5870501,45.2505679,6.5869956,45.2506353",way/661014611,station,yes,,SETAM,station,,,,entry,,,,,,,,,,,,,,,,,,,,,,,,,,,,,
,,,Polygon,"6.5684705,45.2806826,6.5682642,45.2809314,6.5682892,45.2809418,6.5682174,45.2810238,6.5680342,45.2809472,6.5680739,45.2808989,6.5680368,45.2808836,6.5681092,45.2807935,6.5681508,45.2808056,6.5683103,45.2806145,6.5684705,45.2806826",way/674081643,station,yes,,SETAM,station,,,,entry,,,,,,,,,,,,,,,,,,,,,,,,,,,,,
,,,Polygon,"6.5513086,45.2812292,6.5513046,45.2812145,6.5513863,45.2811824,6.5514543,45.281268,6.5513732,45.2812999,6.5513358,45.2812528,6.5513083,45.28127,6.5514173,45.2814101,6.5513269,45.2814418,6.5511991,45.2812722,6.5513086,45.2812292",way/674081648,station,yes,,SETAM,station,,no,,exit,,,,,,,,,,,,,,,,,,,,,,,,,,,,,
,,,Polygon,"6.549633,45.2864507,6.5495757,45.2866158,6.5494696,45.2865967,6.5495273,45.2864329,6.549633,45.2864507",way/674081651,station,yes,,SETAM,station,,no,,exit,,,,,,,,,,,,,,,,,,,,,,,,,,,,,
,,,Polygon,"6.5602215,45.26395,6.5601653,45.2635528,6.5602828,45.2635463,6.5603377,45.2639422,6.5602215,45.26395",way/674081655,station,yes,,,station,,,,both,,,,,,,,,,,,,,,,,,,,,,,,,,,,,
,,,Polygon,"6.5728871,45.2826398,6.5727477,45.2825807,6.5727904,45.28253,6.5727632,45.2825181,6.572869,45.2823933,6.5728967,45.2824045,6.5729212,45.282378,6.5730306,45.2823891,6.5730158,45.2824581,6.5730359,45.2824667,6.5728871,45.2826398",way/674081670,station,yes,,SETAM,station,,,,exit,,,,,,,,,,,,,,,,,,,,,,,,,,,,,
,,,Polygon,"6.5719639,45.2952332,6.5718879,45.2952192,6.5718827,45.2952181,6.5718718,45.2952139,6.571865,45.2952096,6.5718598,45.2952051,6.5718558,45.2952001,6.5718528,45.295195,6.5718496,45.295188,6.571848,45.2951808,6.5718517,45.2951666,6.571862,45.2951555,6.5718763,45.2951473,6.5718913,45.2951431,6.571913,45.2951426,6.5720421,45.29517,6.5722163,45.2952786,6.5721374,45.2953421,6.5719639,45.2952332",way/674081678,station,yes,,SETAM,station,,,,entry,,,,,,,,,,,,,,,,,,,,,,,,,,,,,
,,,Polygon,"6.5441998,45.3029655,6.5442525,45.3027846,6.5443454,45.302798,6.5442927,45.3029789,6.5441998,45.3029655",way/674081692,station,yes,,SETAM,station,,,,entry,,,,,,,,,,,,,,,,,,,,,,,,,,,,,
,,,Polygon,"6.6143861,45.2917027,6.6138191,45.2917554,6.6137946,45.2916305,6.6142402,45.291592,6.6142501,45.2916438,6.6143732,45.2916321,6.6143861,45.2917027",way/674081694,station,yes,,SETAM,station,,no,,both,,,both,,,,,,,,,,,,,,,,,,,,,,,,,,
,,,Polygon,"6.5818441,45.3124302,6.5816735,45.3123837,6.5817435,45.3122682,6.5819115,45.3123166,6.5818441,45.3124302",way/674086085,station,yes,,SETAM,station,,,,exit,,,,,,,,,,,,,,,,,,,,,,,,,,,,,
,,,Polygon,"6.5887092,45.3056989,6.5886189,45.3056423,6.5886447,45.3056165,6.5885325,45.3055474,6.5886288,45.3054699,6.5887449,45.3055411,6.5887807,45.3055111,6.588873,45.3055676,6.5887092,45.3056989",way/674086088,station,yes,,SETAM,station,,,,exit,,,,,,,,,,,,,,,,,,,,,,,,,,,,,
,,,Polygon,"6.5868513,45.304901,6.5869295,45.3050627,6.5868273,45.3050872,6.5867515,45.304925,6.5868513,45.304901",way/674086089,station,yes,,SETAM,station,,no,,exit,,,,,,,,,,,,,,,,,,,,,,,,,,,,,
,,,Polygon,"6.5917897,45.2720855,6.5919834,45.2721388,6.5918573,45.2723659,6.5916637,45.2723126,6.5917897,45.2720855",way/674106263,station,yes,,SETAM,station,,,,entry,,,,,,,,,,,,,,,,,,,,,,,,,,,,,
,,,Polygon,"6.5951764,45.2659384,6.5952357,45.2658312,6.5952935,45.2658273,6.5953586,45.2658449,6.5953941,45.2658739,6.5953356,45.265978,6.5951764,45.2659384",way/674106265,station,yes,,SETAM,station,,,,exit,,,,,,,,,,,,,,,,,,,,,,,,,,,,,
,,,Polygon,"6.6060695,45.2729279,6.6060129,45.2728829,6.6062308,45.2727438,6.6062868,45.2727898,6.6060695,45.2729279",way/674106268,station,yes,,SETAM,station,,no,,exit,,,,,,,,,,,,,,,,,,,,,,,,,,,,,
,,,Polygon,"6.5775651,45.2986479,6.5776357,45.298545,6.5779419,45.2986505,6.5779001,45.2987103,6.5777885,45.2987244,6.5775651,45.2986479",way/674135731,station,yes,,SETAM,station,,,,both,,,,,,,,,,,,,,,,,,,,,,,,,,,,,
,,,Polygon,"6.5579854,45.3127078,6.5583245,45.3127151,6.5583753,45.3127162,6.5584429,45.3127176,6.558509,45.3127373,6.5585632,45.3127535,6.5588681,45.3128444,6.5588358,45.3129126,6.5584244,45.3128054,6.5579946,45.3127826,6.5579854,45.3127078",way/757850641,station,yes,Les Menuires & Saint-Martin-de-Belleville 3 Vallées,SEVABEL,station,,,1,both,,,,,,,,,,,,,,,,,,,,,,,,,,,,,
,,,Polygon,"6.5353175,45.3183024,6.5354976,45.3184466,6.5354333,45.3184863,6.5352532,45.3183421,6.5353175,45.3183024",way/935073818,station,yes,Les Menuires & Saint-Martin-de-Belleville 3 Vallées,SEVABEL,station,cadastre-dgi-fr source : Direction Générale des Impôts - Cadastre. Mise à jour : 2012,no,,,,,,,,,,,,,,,,,,,,,,,,,,,,,,,
,,,Polygon,"6.5821412,45.2943295,6.5821677,45.2941945,6.5824621,45.2942224,6.5824509,45.294281,6.5824366,45.2943558,6.5821412,45.2943295",way/993689775,station,yes,,,station,,,,,,Lac Blanc,,,2287,,,,,,,,,,,,,,,,,,,,,,,,
,,,Polygon,"6.5376426,45.3218571,6.5377143,45.3218111,6.537747,45.3218429,6.5377595,45.32184,6.5378785,45.3219481,6.5378381,45.3220073,6.5377783,45.3219853,6.5376656,45.3218904,6.5376767,45.3218835,6.5376426,45.3218571",way/1006219890,station,yes,,,station,,,1,,,,,,,,,,,,,,,,,,,,,,,,,,,,,,
,,,Polygon,"6.530099,45.326244,6.5301635,45.3262212,6.5302381,45.3263256,6.5301736,45.3263484,6.530099,45.326244",way/1027447799,station,yes,,,station,,,,,,,,,,,,,,,,,,,,,,,,,,,,,,,,,
,,,Polygon,"6.5102299,45.2966869,6.5097564,45.2968827,6.5095661,45.2966464,6.5096583,45.296608,6.5100276,45.2964544,6.5102299,45.2966869",way/1031997573,station,yes,Les Menuires & Saint-Martin-de-Belleville 3 Vallées,SEVABEL,station,,,,both,,,,,,,,,,,,,,,,,,,,,,,,,,,,,
,,,Polygon,"6.5443619,45.3132088,6.5441663,45.3131024,6.544214,45.313059,6.544234,45.3130408,6.5443099,45.313082,6.5444297,45.3131472,6.5443619,45.3132088",way/1031997575,station,yes,Les Menuires & Saint-Martin-de-Belleville 3 Vallées,SEVABEL,station,,,,entry,,Sunny Express,,,,,,,,,,,,,,,,,,,,,,,,,,,
,,,Polygon,"6.5443099,45.313082,6.544234,45.3130408,6.544214,45.313059,6.5440661,45.3130249,6.5440243,45.3129963,6.544079,45.3129691,6.5442621,45.3130158,6.5442471,45.3130256,6.5442569,45.3130328,6.5443,45.3130565,6.5443253,45.3130723,6.5443099,45.313082",way/1031997576,yes,,,SEVABEL,platform,,,,,,,,,,yes,,,,,,,,,,,,,,,,,,,,,,,
,,,Polygon,"6.5499929,45.3199035,6.5502585,45.3198935,6.5502644,45.3199711,6.5499988,45.319981,6.5499929,45.3199035",way/1034095595,station,yes,Les Menuires & Saint-Martin-de-Belleville 3 Vallées,SEVABEL,station,,,,,,,,,,,,,,,,,,,,,,,,,,,,,,,,,
,,,Polygon,"6.5500752,45.3193499,6.5500672,45.3193079,6.5500752,45.3192702,6.5502829,45.319274,6.5502932,45.3193167,6.5502825,45.3193459,6.5500752,45.3193499",way/1034095598,station,yes,Les Menuires & Saint-Martin-de-Belleville 3 Vallées,SEVABEL,station,,,,,,,,,,,,,,,,,,,,,,,,,,,,,,,,,
,,,Polygon,"6.5182062,45.3101276,6.5182083,45.3100795,6.5182746,45.3100786,6.5182708,45.3101252,6.5182062,45.3101276",way/1057959736,station,yes,Les Menuires & Saint-Martin-de-Belleville 3 Vallées,SEVABEL,station,,,,entry,,,,,,,,,,,,,,,,,,,,,,,,,,,,,
,,,LineString,"6.5774881,45.2951193,6.578232,45.2949455,6.5796799,45.2946071,6.580803,45.2943447,6.5825296,45.2939412,6.5829645,45.2938396,6.5843438,45.2935173,6.5851582,45.293327,6.5868422,45.2929334,6.5873892,45.2928056,6.5890238,45.2924236,6.5904099,45.2920997,6.5912128,45.2919121,6.5929855,45.2914978,6.5937216,45.2913258,6.5945526,45.2911316",way/22461970,chair_lift,,,,,,,,,,Cascades,,,,,no,4000,04:45,1426,6,B 60,,,,,,,,,,,,,,,,,
,,,LineString,"6.5833854,45.2866297,6.5836034,45.2862231,6.5840755,45.2853425,6.5847191,45.2841421,6.5849498,45.2837117,6.5855531,45.2825864,6.586061,45.2816391,6.5866906,45.2804646,6.5877397,45.2785075,6.5883744,45.2773236,6.5887555,45.2766125,6.5893868,45.2754348,6.5901204,45.2740663,6.5904266,45.2734951,6.5904722,45.2734099,6.5911387,45.2721664,6.5912035,45.2720455,6.5912741,45.2719139",way/22462906,chair_lift,,,,,,,1,,,Portette,,,,,no,3325,,1592,6,B 86,yes,,,,,,,,,,,,,,,,
,,,LineString,"6.5645469,45.2942801,6.564313,45.292635,6.5642468,45.2921696,6.5640941,45.2910958,6.5639021,45.2897455,6.5637361,45.2885784,6.5633937,45.2861701,6.5628913,45.2826368,6.5626342,45.2807705",way/22462907,gondola,,,,,,,1,,,Caron,,,,,,2600,04:06,1477,8,B 196,,,,,,,,,,,,,,,,,
,,,LineString,"6.5626129,45.2805688,6.561827,45.2750024,6.5603138,45.2640693,6.5602865,45.2638718",way/22462908,cable_car,,,,,,,,,,Cime Caron,,,,,,1430,3,2047,150,,,,,,,,,,,,,,,,,,
,,,LineString,"6.5614867,45.2950611,6.5609893,45.2944185,6.5603578,45.2935722,6.5597333,45.2927352,6.5589058,45.2916261,6.5581099,45.2905593,6.5570639,45.2891574,6.5563353,45.2881808,6.5553887,45.2868254,6.5543394,45.2854043,6.5538257,45.2847086,6.5527312,45.2832372,6.5519755,45.2822146,6.5515124,45.2815879,6.5512963,45.2812955",way/22463109,chair_lift,,,,,,,,,,Boismint,,,,,no,2400,06:04,1820,4,B 82,,,,,,,,,,,,,,,,,
,,,LineString,"6.5306922,45.3256959,6.5316386,45.3257366,6.5324066,45.3257697,6.5332618,45.3258065,6.5345123,45.3258603,6.5355636,45.3259056,6.5369741,45.3259663,6.5380818,45.3260099,6.5385598,45.3260286,6.539702,45.3260735,6.5402248,45.3260941",way/22463110,chair_lift,,,,,,,,,,Tortollet,,,,,no,2000,06:30,779,4,,yes,,,,,,,,,,,,,,,,
,,,LineString,"6.5389369,45.3224768,6.5392135,45.3226159,6.5392975,45.3226581,6.5396095,45.322815,6.5406117,45.323319,6.5424359,45.3242363,6.5429756,45.3245077,6.5441648,45.3251057,6.5470348,45.3265488,6.5479341,45.327001,6.549277,45.3276763,6.5509738,45.3285295,6.5525608,45.3293274,6.553941,45.3300214,6.5547509,45.3304286",way/22463141,gondola,,,,,,,,,,Roc 1,,,,,yes,2800,5:22,1341,8,,no,no,,,,,,,,,,,,,,,
,,,LineString,"6.5645469,45.2942801,6.565512,45.294603,6.567241,45.2951815,6.5692412,45.2958506,6.5700041,45.2961059,6.5709918,45.2964363,6.5723001,45.296864,6.5740135,45.2974214,6.5751736,45.2977995,6.5767518,45.298314,6.577117,45.298433,6.5777589,45.2986423",way/22467490,gondola,,,,,,,,,,Cairn,,,,,,2400,03:03,1102,8,B 197,,,,,,,,,,,,,,,,,
,,,LineString,"6.5357112,45.3192562,6.5352087,45.3189919,6.5351393,45.3189554,6.5350762,45.3189222,6.5349447,45.318853,6.5347762,45.3187658,6.533519,45.3181151,6.5319311,45.3172905,6.5297639,45.3161726,6.5278996,45.3152057,6.5265041,45.314478,6.5251221,45.3137769,6.5231623,45.3127664,6.5213787,45.3118332,6.5212723,45.3117775,6.5211176,45.3116966,6.5210154,45.3116431,6.5205918,45.3114215,6.519956,45.3110888",way/22516187,gondola,,,,,,,,,,Masse 1,,,,,yes,2500,5:21,1606,12,,yes,no,,,,,,,,,,,,,,,
,,,LineString,"6.5183144,45.3101228,6.5182216,45.3094985,6.5181751,45.3091862,6.5180913,45.3085621,6.5200747,45.3042622,6.5201834,45.3040485",way/22516258,platter,,,,,,,1,,,Masse,,,,,,800,03:33,750,1,,,,,,,,,,,,,,,,,,
,,,LineString,"6.562317,45.2949988,6.5625014,45.2947807,6.5628348,45.2943863,6.563284,45.293855,6.5645373,45.2923726,6.5652169,45.2915686,6.5661298,45.2904887,6.5668359,45.2896534,6.5678382,45.2884678,6.5681686,45.288077,6.5686614,45.2874939,6.5690203,45.2870694,6.5694439,45.2865683,6.5699957,45.2859154,6.5709658,45.2847678,6.5713128,45.2843573,6.5717224,45.2838727,6.572604,45.2828297,6.5727075,45.2827073,6.5728593,45.2825277",way/22516290,chair_lift,,,,,,,2,,,Moutière,,,,,no,3600,05:37,1686,6,B 68,no,,,,,,,,,,,,,,,,
,,,LineString,"6.5681663,45.2809651,6.5696113,45.2792328,6.570675,45.2779576,6.5746252,45.2732217,6.5782189,45.2689128,6.5800648,45.2666995,6.5801523,45.2665946,6.5804175,45.2662766",way/22516296,gondola,,,,,,,,,,Grand Fond,,,,,,3000,04:43,1985,33,B 87,,,,,,,,,,,,,,,,,
,,,LineString,"6.5702061,45.2466754,6.5704053,45.2474301,6.5707438,45.2487025,6.5708244,45.2490057,6.5711738,45.2503191,6.5712956,45.2507772,6.5713761,45.2510644,6.5715856,45.2518526,6.5719767,45.2533245,6.57232,45.2546164,6.572575,45.255576,6.5728627,45.2566583,6.573108,45.2575814,6.573181,45.2578559,6.5734305,45.2587947,6.5737089,45.2598422,6.5740118,45.2609818,6.5743624,45.2623012,6.5747529,45.26377,6.5751144,45.2651302,6.5753516,45.2659961",way/22516299,chair_lift,,,,,,,,,,Rosaël,,,,,no,2600,07:31,2258,6,,,no,,,,,,,,,,,,,,,
,,,LineString,"6.570752,45.2460571,6.5716735,45.2463456,6.573447,45.2468904,6.5740835,45.247086,6.5751516,45.2474141,6.5765226,45.2478353,6.5778762,45.2482511,6.5789811,45.2485905,6.5799582,45.2488907,6.5821526,45.2495648,6.5836885,45.2500366,6.5859121,45.2507197,6.5874906,45.2512046,6.5878161,45.2513046",way/22516300,chair_lift,,,,,,,,,,Peyron,,,,,no,2200,04:50,1520,6,,,no,,,,,,,,,,,,,,,
,,,LineString,"6.5869788,45.2505797,6.5888884,45.2513189,6.5897479,45.2516516,6.5927164,45.2528006,6.5941358,45.25335,6.5943465,45.2534315,6.596078,45.2541017,6.5966514,45.2543237,6.5975102,45.254656,6.5987184,45.2551237,6.5995768,45.2554559,6.5996796,45.2554957,6.5999266,45.2555913",way/22516301,chair_lift,,,,,,,,,,Bouchet,,,,,no,1800,09:07,1260,4,,,,,,,,,,,,,,,,,,
,,,LineString,"6.5727203,45.2802802,6.5796595,45.2763678",way/22516362,platter,,,,,,,,,,Plateau 2,,,,,,550,02:15,351,1,,,,,,,,,,,,,,,,,,
,,,LineString,"6.583316,45.2876951,6.5840526,45.2872157,6.5845832,45.2868704,6.5853598,45.286365,6.5865468,45.2855926,6.5871905,45.2851736,6.587761,45.2848024,6.5887506,45.2841583,6.5899366,45.2833864,6.5902381,45.2831903,6.5912326,45.282543,6.5924229,45.2817683,6.5931558,45.2812914,6.5942013,45.2806109,6.5950559,45.2800547,6.5956181,45.2796888,6.5974616,45.2784889,6.5986168,45.277737,6.5998769,45.2769168,6.6006874,45.2763892,6.6028072,45.2750094,6.6043379,45.2740131,6.6058755,45.2730122,6.6061673,45.2728223",way/22516363,gondola,,,,,,,,,,Moraine,,,,,,2800,06:48,2450,10,B 62,yes,,"Replaced in 2017, aerial imagery may be outdated!",,,,,,,,,,,,,,
,,,LineString,"6.571977,45.2951893,6.572535,45.2955361,6.5733664,45.2960529,6.5744913,45.296752,6.5758077,45.2975702,6.5759651,45.2976681,6.5772845,45.2984882,6.5808472,45.3007027,6.5809238,45.3007503,6.5817582,45.3012689,6.5833149,45.3022365,6.5838133,45.3025463,6.5848313,45.303179,6.5859346,45.3038647,6.5864385,45.3041779,6.5870794,45.3045763,6.587695,45.3049589,6.5883126,45.3053427,6.5884847,45.3054497,6.588715,45.3055928",way/22516364,chair_lift,,,,,,,,,,Plein Sud,,,,,no,4000,05:53,1765,6,B 64,,,,,,,,,,,,,,,,,
,,,LineString,"6.5859941,45.3050295,6.5840772,45.3083729,6.5817855,45.3123699",way/22516365,cable_car,,,,,,,,,,3 Vallées,,,,,,2000,01:52,900,33,B 65,,,,,,,,,,,,,,,,,
,,,LineString,"6.5862535,45.3050894,6.5862955,45.3055246,6.586414,45.3067508,6.5864864,45.3075014,6.58655,45.3081597,6.5866621,45.3093199,6.5866991,45.3097035,6.5867703,45.3104409,6.5868568,45.311336,6.5869287,45.31208,6.5869497,45.3122978",way/22868335,chair_lift,,,,,,,,,,3 Vallées,,,,,no,2400,03:34,856,4,B 67,,no,,,,,,,,,,,,,,,
,,,LineString,"6.5500778,45.3199881,6.550616,45.319971,6.5516273,45.3199388,6.5534832,45.3198797,6.554838,45.3198366,6.556576,45.3197813,6.5581297,45.3197319,6.5586325,45.3197159,6.559301,45.3196946,6.5608877,45.3196441,6.5659368,45.3194834,6.5680404,45.3194165,6.5696032,45.3193667,6.5706627,45.319333,6.5723327,45.3192799,6.5732104,45.319252,6.5737286,45.3192355,6.5745275,45.31921,6.5767595,45.319139,6.5784095,45.3190865",way/23454748,chair_lift,,,,,,,,,,Mont de la Chambre,,,,,yes,2400,7:56,2380,6,,,no,,,,,,,,,,,,,,,
,,,LineString,"6.5528308,45.3264859,6.553447,45.3266467,6.5547445,45.3269853,6.5562766,45.327385,6.5569613,45.3275637,6.5586071,45.3279931,6.5587964,45.3280425,6.5611325,45.328652,6.5619641,45.328869,6.5634508,45.3292569,6.5642667,45.3294698,6.565867,45.3298873,6.5672317,45.3302434,6.5683582,45.3305373,6.5708118,45.3311775,6.5710755,45.3312463",way/23454749,chair_lift,,,,,,,,,,Becca,,,,,no,2800,5:19,1596,6,,,,,,,,,,,,,,,,,,
,,,LineString,"6.5554047,45.3341796,6.556227,45.3343517,6.5580081,45.3347244,6.5600095,45.3351432,6.5616291,45.3354821,6.5626977,45.3357057,6.5640987,45.3359989,6.5655581,45.3363043,6.5664117,45.3364829,6.5670963,45.3366262,6.5687117,45.3369642,6.5696325,45.3371569,6.5707053,45.3373814,6.5708236,45.3374061,6.5711132,45.3374667",way/23454751,chair_lift,,,,,,,,,,Roc 2,,,,,yes,2200,04:28,2328,6,,yes,,,,,,,,,,,,,,,,
,,,LineString,"6.5889918,45.3410332,6.5884071,45.3410987,6.587418,45.3412096,6.5861238,45.3413547,6.5850703,45.3414728,6.5833891,45.3416612,6.5820914,45.3418067,6.580362,45.3420006,6.5801573,45.3420235,6.5793625,45.3421126",way/23454752,chair_lift,,,,,,,,,,Plan des Mains,,,,,no,3000,2,821,6,,,no,,,,,,,,,,,,,,,
,,,LineString,"6.5425403,45.3122463,6.5429112,45.3122584,6.5436618,45.312283,6.5440013,45.3122941,6.5456789,45.312349,6.5470376,45.3123934,6.5477188,45.3124157,6.5488471,45.3124526,6.5500335,45.3124914,6.5510221,45.3125189,6.5542538,45.3126268,6.5552598,45.3126604,6.5559704,45.3126841,6.5566788,45.3127077,6.55758,45.3127378,6.5583739,45.3127643",way/23454753,gondola,,,,,,,,,,Bruyères 1,,,,,no,2500,4:20,1264,12,,,yes,,,,,,,,,,,,,,,
,,,LineString,"6.5583739,45.3127643,6.5595614,45.3130909,6.5609927,45.3134845,6.5632543,45.3141065,6.5640976,45.3143384,6.5653268,45.3146765,6.5657947,45.3148051,6.5679352,45.3153938,6.5689749,45.3156797,6.5698423,45.3159182,6.5733351,45.3168788,6.5735957,45.3169504,6.5738447,45.3170189,6.5744694,45.3171907,6.5757065,45.3175309,6.5765754,45.3177699,6.5779903,45.3181589,6.5785629,45.3183164",way/23454754,gondola,,,,,,,,,,Bruyères 2,,,,,,2500,5:46,1777,12,,,,,,,,,,,,,,,,,,
,,,LineString,"6.5901854,45.3412645,6.5906695,45.3409486,6.5907422,45.3409011,6.5935007,45.3391011,6.5937452,45.3389416,6.5940083,45.3387698,6.5945638,45.3384073,6.5953338,45.3379049,6.5961803,45.3373524,6.5970957,45.3367551,6.5980741,45.3361166,6.5985904,45.3357797,6.5986928,45.3357128,6.5993139,45.3353075,6.6002607,45.3346896,6.6009781,45.3342214,6.6019005,45.3336194,6.6027663,45.3330544,6.6051787,45.3314799,6.6065573,45.3305802,6.6076823,45.3298459,6.6079099,45.3296974,6.6081351,45.3295504,6.609598,45.3285956",way/23454755,gondola,,,,,,,,,,Mont Vallon,,,,,,3600,06:08,2210,8,,,no,,,,,,,,,,,,,,,
,,,LineString,"6.58034,45.3427848,6.5780873,45.3416281,6.5768819,45.3410091,6.5760596,45.3405724,6.5757138,45.3403888,6.5738886,45.3394194,6.5734024,45.3391612,6.5729162,45.338903",way/23454756,chair_lift,,,,,,,,,,Bouquetin,,,,,no,2600,2,741,6,M 66,,no,,,,,,,,,,,,,,,
,,,LineString,"6.5538878,45.3539132,6.5546027,45.3533191,6.5553869,45.3526673,6.556749,45.3515352,6.5574244,45.3509739,6.558385,45.3501755,6.5596131,45.3491548,6.5603987,45.3485018,6.5617086,45.3474131,6.5627032,45.3465864,6.5638027,45.3456724,6.5652045,45.3445072,6.5661693,45.3437052,6.5662952,45.3436006,6.5676231,45.3424967,6.5683612,45.3418832,6.5697342,45.3407419,6.5712094,45.3395155,6.5723965,45.3385287,6.5724274,45.338503,6.5725467,45.3384038",way/23454757,chair_lift,,,,,,,,,,Granges,,,,,yes,2600,7:46,2328,6,,yes,,,,,,,,,,,,,,,,
,,,LineString,"6.5351278,45.3193682,6.5366827,45.3193638,6.5399853,45.3193545,6.5414532,45.3193503,6.5433884,45.3193449,6.5450386,45.3193402,6.5465934,45.3193358,6.5482014,45.3193313,6.5497379,45.3193269,6.5501779,45.3193257",way/23454949,chair_lift,,,,,,,,,,Doron,,,,,no,2667,04:06,1231,4,,,,,,,,,,,,,,,,,,
,,,LineString,"6.538678,45.3235137,6.5393782,45.3233279,6.5399874,45.3231663,6.5409177,45.3229195,6.5419807,45.3226403,6.5433773,45.3222735,6.5445231,45.3219697,6.5464228,45.321466,6.5474962,45.321212,6.5494717,45.3206742,6.5500352,45.320545,6.5513362,45.3201832,6.5515904,45.3201125",way/23454950,chair_lift,,,,,,,,,,Menuires,,,,,no,4000,03:42,1108,6,,,no,,,,,,,,,,,,,,,
,,,LineString,"6.5800972,45.3721291,6.5827712,45.3733594,6.5834091,45.373653,6.584079,45.3739611,6.5850094,45.3743892,6.5854246,45.3745803,6.5870801,45.3753419,6.5885019,45.3759961,6.5898011,45.3765938,6.589909,45.3766435,6.5916286,45.3774346,6.5933607,45.3782315,6.5946681,45.378833,6.5953595,45.3791511,6.5965504,45.3796717,6.5970627,45.3799106",way/23455192,gondola,,,,,,,,,,Pas du Lac 1,,,,,,2700,04:55,1625,8,M 22,,,,,,,,,,,,,,,,,
,,,LineString,"6.5970627,45.3799106,6.5976935,45.3799769,6.5983009,45.3800408,6.5992189,45.3801373,6.6006567,45.3802885,6.6016027,45.380388,6.6033176,45.3805683,6.6046352,45.3807068,6.6056359,45.380812,6.6066885,45.3809227,6.6083542,45.3810978,6.6084772,45.3811108,6.6088234,45.3811472,6.6091251,45.3811789,6.6094865,45.3812169",way/23455193,gondola,,,,,,,,,,Pas du Lac 2,,,,,,2700,03:12,1059,8,M 22,,,,,,,,,,,,,,,,,
,,,LineString,"6.6422258,45.3920928,6.6380775,45.3892882,6.6365753,45.3882725,6.6349744,45.3871902,6.6337663,45.3863733,6.6305138,45.3841742",way/23455194,chair_lift,,,,,,,,,,Aiguille du Fruit,,,,,no,3300,,1865,6,,,no,,,,,,,,,,,,,,,
,,,LineString,"6.6326717,45.3788291,6.6323464,45.3788909,6.6320212,45.3789528,6.6304454,45.3792523,6.6292816,45.3794736,6.628295,45.3796612,6.6277084,45.3797727,6.6258119,45.3801332,6.6245506,45.380373,6.6201018,45.3812187,6.6191909,45.3813919,6.617776,45.3816609,6.6157194,45.3820518",way/23455195,chair_lift,,,,,,,,,,Marmottes,,,,,no,1800,04:59,1497,6,,,,,,,,,,,,,,,,,,
,,,LineString,"6.6300383,45.3904485,6.629849,45.3903412,6.6291814,45.3899627,6.6279478,45.3892633,6.6272699,45.3888789,6.6255319,45.3878934,6.6245241,45.387322,6.6227944,45.3863413,6.621956,45.3858659,6.6206686,45.385136,6.6202244,45.3848841,6.6190021,45.384191,6.6188209,45.3840883,6.6179337,45.3835852,6.6171134,45.38312,6.6156722,45.3823028",way/23455196,chair_lift,,,,,,,,,,Suisses,,,,,no,2060,05:16,1580,4,C 40,,,,,,,,,,,,,,,,,
,,,LineString,"6.6202085,45.395786,6.6199635,45.395132,6.6196057,45.394177,6.6188819,45.392245,6.6186643,45.3916643,6.6181791,45.3903689,6.6178128,45.3893911,6.6173309,45.3881047,6.6171191,45.3875392,6.6166202,45.3862074,6.6163072,45.3853718,6.6157135,45.3837869,6.6152719,45.3827882,6.6151434,45.3824756",way/23455197,gondola,,,,,,,,,,Vizelle,,,,,,1800,05:24,1620,8,,,,,,,,,,,,,,,,,,
,,,LineString,"6.6334679,45.3785763,6.6338496,45.3783431,6.6350598,45.3776038,6.6356399,45.3772494,6.63622,45.376895,6.6371284,45.3763401,6.6387565,45.3753454,6.6399397,45.3746225,6.6401839,45.3744733,6.6418224,45.3734723,6.6425113,45.3730514,6.6431696,45.3726493,6.6434914,45.3724526,6.6438758,45.3722178,6.6448287,45.3716356,6.64501,45.3715248",way/23455199,chair_lift,,,,,,,,,,Chanrossa,,,,,no,2400,04:42,1269,4,,,,,,,,,,,,,,,,,,
,,,LineString,"6.5288901,45.372569,6.5298175,45.3723097,6.5310554,45.3719635,6.5327847,45.3714799,6.5345529,45.3709854,6.5360907,45.3705554,6.5376103,45.3701304,6.539293,45.3696599,6.5415003,45.3690426,6.5430621,45.3686058,6.545232,45.367999,6.5466809,45.3675938,6.5476507,45.3673225,6.5478054,45.3672793,6.5492023,45.3668886,6.5515189,45.3662407,6.553308,45.3657404,6.5549813,45.3652724,6.5568374,45.3647533,6.5569795,45.3647135,6.5572024,45.3646512",way/23455202,chair_lift,,,,,,,,,,Saint-Martin Express,,,,,yes,3200,,2483,6,,yes,no,,,,,,,,,,,,,,,
,,,LineString,"6.5820636,45.2952802,6.5829136,45.2969942,6.5830837,45.2973452,6.5834304,45.2980558,6.5838169,45.2988511,6.5841379,45.2995114,6.5844305,45.3001134,6.5848179,45.3009,6.5852761,45.3018305,6.5855842,45.302456,6.5856682,45.3026267,6.5867463,45.3048157,6.5868379,45.3050016",way/24281318,chair_lift,,,,,,,,,,Pionniers,,,,,no,2776,04:28,1208,6,,,,,6,4,,,,,,,,,,,,
,,,LineString,"6.6262995,45.4043746,6.6252547,45.4036048,6.624494,45.4030444,6.6234827,45.4022994,6.6222424,45.4013856,6.6214189,45.4007789,6.6203917,45.3997756,6.6195365,45.3989404,6.6181648,45.3976007,6.6177947,45.3972392,6.6173287,45.3967841,6.6169153,45.3963803,6.6164888,45.3956397",way/24281334,platter,,,,,,,,,,Rocher de l'Ombre,,,,,,575,03:44,785,1,,,,,,,,,,,,,,,,,,
,,,LineString,"6.5680234,45.3908767,6.5679171,45.3905771,6.567819,45.3902761,6.567418,45.3890619,6.5668134,45.3872556,6.5665742,45.3865408,6.5662198,45.3854818,6.565788,45.3841918,6.5655093,45.383359,6.5651739,45.3823569,6.5648814,45.3814606,6.5643393,45.3796736,6.5638913,45.3784267,6.5635655,45.3774281,6.5634756,45.3771527",way/24803960,gondola,,,,,,,,,,Tougnète 1,,,,,,1500,05:24,1624,8,,,no,,,,,,,,,,,,,,,
,,,LineString,"6.5681967,45.3920637,6.5686083,45.3921675,6.5691478,45.3923036,6.5704428,45.3926303,6.5714672,45.3928887,6.5732943,45.3933496,6.5738503,45.3934898,6.574531,45.3936615,6.5756401,45.3939413",way/24803963,gondola,,,,,,,,,,Rhodos 1,,,,,,2025,03:00,718,12,,,,,,,,,,,,,,,,,,
,,,LineString,"6.5045641,45.3767064,6.505394,45.3765853,6.5064545,45.3764306,6.5079252,45.3762162,6.510146,45.3758923,6.5120212,45.3756188,6.5142515,45.3752935,6.516483,45.374968,6.5179352,45.3747562,6.5194805,45.3745308,6.5216899,45.3742086,6.5229174,45.3740295,6.5235565,45.3739363,6.5250353,45.3737206,6.5252621,45.3736876,6.5271072,45.3734184,6.5283415,45.3732384,6.5286071,45.3731997",way/24877621,gondola,,,,,,,1,,,Saint-Martin 1,,,,,,1800,05:25,1952,8,,no,,,,,,,,,,,,,,,,
,,,LineString,"6.5530626,45.3839452,6.5539077,45.3795594",way/24896385,platter,,,,,,,,,,Caves,,,,,,760,03:08,488,1,,,,,,,,,,,,,,,,,,
,,,LineString,"6.5868453,45.4024568,6.5878095,45.4027769,6.5880304,45.4028503,6.5899053,45.4034728,6.5915023,45.4040031,6.592538,45.404347,6.5935374,45.4046788,6.5956742,45.405398,6.595859,45.4054595,6.5962462,45.4055885,6.597427,45.4059879,6.5980685,45.406202,6.5992312,45.40659,6.6001569,45.4068988,6.6016439,45.4073911,6.601782,45.4074414,6.6019055,45.4074864,6.602167,45.4075818",way/24896392,chair_lift,,,,,,,,,,Loze,,,,,no,1500,4,1432,4,,,no,,,,Loze,,,,,,,,,,,
,,,LineString,"6.5818869,45.295602,6.5823937,45.2976239",way/28242947,magic_carpet,,,,,,,,,,Castor et Pollux,,,,,,,,,,,,no,,,,,yes,,,,,,,,,,
,,,LineString,"6.5654301,45.4153825,6.565724,45.4151342,6.5661966,45.4148316,6.5670219,45.4140743,6.5681377,45.4131773,6.5693872,45.4121476,6.570159,45.411519,6.5712041,45.4105932,6.5725484,45.4094965,6.573338,45.4088949,6.5734647,45.408797,6.5748322,45.4076666,6.5760988,45.4066197,6.5770623,45.4058232,6.5778032,45.4052107,6.5779598,45.4050813",way/29409399,chair_lift,,,,,,,,,,Golf,,,,,no,1500,05:04,1524,4,,no,no,,,,,,,,,,,,,,,
,,,LineString,"6.578932,45.4048264,6.5791506,45.4045898,6.5798687,45.4037961,6.5805663,45.4030193,6.581269,45.4022459,6.5818767,45.4015745,6.5823347,45.4010689,6.583183,45.4001233,6.5842111,45.3989738,6.5849219,45.3982047,6.5864683,45.3964872,6.5875458,45.3952835,6.5881262,45.3946437,6.5882212,45.3945388,6.5884203,45.3943462",way/29409401,chair_lift,,,,,,,2,,,Altiport,,,,,no,3400,04:42,1414,8,,,no,,,,,,,,,,,,,,,
,,,LineString,"6.5784693,45.4047389,6.5795955,45.4036996,6.5803983,45.4029587,6.5812496,45.402173,6.5815564,45.4018899,6.5819941,45.4015099,6.5824741,45.4010931",way/29409402,drag_lift,,,,,,,1,,,Altiport,,,,,,,,,,,,,,,,,,,,,,,,,,,
,,,LineString,"6.651274,45.3723031,6.6499512,45.3720526,6.6489541,45.3718638,6.6471142,45.3715154,6.6467345,45.3714435,6.6451248,45.3711387",way/29409793,chair_lift,,,,,,,,,,Roc Merlet,,,,,no,1500,03:45,518,3,,,,,,,,,,,,,,,,,,
,,,LineString,"6.5348985,45.319379,6.5360957,45.3204123,6.5362141,45.3205248,6.5365913,45.3208533,6.5377178,45.3218525,6.5378023,45.3219275",way/29419493,gondola,,,,,,,,,,Croisette,,,,,,,,,4,,no,,,,,,,,,,,,,,,,
,,,LineString,"6.5526083,45.39068,6.5512478,45.3908443,6.5499879,45.3909965,6.5481055,45.3912239,6.5459312,45.3914865,6.5446487,45.3916414,6.5442421,45.3916905,6.5435192,45.3917778,6.5407789,45.3921088,6.5391368,45.3923071,6.5368241,45.3925865,6.5361111,45.3926726",way/29420864,chair_lift,,,,,,,,,,Olympic,,,,,no,1500,4:43,1413,4,,,no,,,,Olympic Express,,,,,,,,,,,
,,,LineString,"6.5672882,45.3909476,6.5664134,45.3902377,6.565521,45.3894522,6.5646833,45.3887783,6.5638128,45.3880781,6.562998,45.3874226,6.561604,45.3863012,6.5610921,45.3858894,6.5601441,45.3851268,6.559293,45.3844421,6.5579597,45.3833695,6.5573547,45.3828827,6.5555812,45.3814559,6.5543322,45.3804511",way/29421158,chair_lift,,,,,,,,,,Legends,,,,,yes,3600,5,1649,6,,,yes,,,,,,,,,,,,,,,
,,,LineString,"6.5632443,45.381939,6.5547954,45.3803433",way/29421159,platter,,,,,,,,,,Arpasson,,,,,,865,04:00,721,1,,,,,,,,,,,,,,,,,,
,,,LineString,"6.5756401,45.3939413,6.5760379,45.3940535,6.5768833,45.394292,6.5787685,45.3947329,6.5797516,45.3949667,6.5813878,45.3953707,6.5822195,45.3955775,6.5838842,45.3959915,6.5846343,45.396178,6.5848918,45.396242,6.5854398,45.3963783",way/29421475,gondola,,,,,,,,,,Rhodos 2,,,,,,2025,03:00,825,12,,,,,,,,,,,,,,,,,,
,,,LineString,"6.5886173,45.3988071,6.5899096,45.3975196,6.590836,45.3965966,6.5918272,45.3956738,6.5927756,45.3947197,6.593036,45.3944577,6.5949147,45.3925676,6.5960104,45.3914653,6.5973583,45.390101,6.5983011,45.389159,6.5983627,45.3890973,6.5985353,45.3889249",way/29421476,chair_lift,,,,,,,,,,Dent de Burgin,,,,,no,2400,04:42,1414,6,,,,,,,,,,,,,,,,,,
,,,LineString,"6.5711709,45.3967231,6.5719019,45.3964657,6.5731064,45.3960416,6.5740699,45.3957024,6.5749113,45.3954061,6.5765746,45.3948205,6.5780821,45.3942897,6.579212,45.3938919,6.5809406,45.3932832,6.5829653,45.3925703,6.5841037,45.3921695,6.5858249,45.3915634,6.5868413,45.3912055,6.5878755,45.3908413,6.588097,45.3907634,6.5898639,45.3901412,6.5912803,45.3896424,6.591554,45.389546,6.5922549,45.3892992,6.5927084,45.3891396,6.5928524,45.3890888,6.5931618,45.3889799",way/29421477,chair_lift,,,,,,,,,,Adret,,,,,no,2400,06:45,2027,6,,,,,,,,,,,,,,,,,,
,,,LineString,"6.5671107,45.3914274,6.5674066,45.3913942,6.5683981,45.391283,6.5710291,45.3910278,6.5730693,45.3908275,6.5746553,45.3906382,6.5750072,45.3906027,6.5776831,45.3903331,6.5801528,45.3900924,6.581194,45.3899769,6.5834093,45.3897493,6.585725,45.3895277,6.5868018,45.3894114,6.5875443,45.3893311,6.5880518,45.3892763",way/29421479,gondola,,,,,,,,,,Saulire Express 1,,,,,,2800,04:51,1748,8,,no,,,,,,,,,,,,,,,,
,,,LineString,"6.579895,45.3573235,6.5798315,45.3565835,6.5797895,45.356093,6.5797587,45.3557344,6.5796848,45.3548727,6.5796347,45.3539349,6.5795883,45.3533305,6.5794896,45.3520452,6.5794024,45.3509101,6.5793175,45.3498038,6.579222,45.3485608,6.5791375,45.34746,6.5790385,45.3461714,6.5789428,45.3449244,6.5788428,45.3436219,6.5787897,45.3429307",way/29422053,chair_lift,,,,,,,,,,Châtelet,,,,,no,2700,5:22,1612,6,,,no,,,,,,,,,,,,,,,
,,,LineString,"6.5417786,45.3234467,6.5421917,45.3234005,6.5437654,45.3232247,6.5447979,45.3231093,6.5456013,45.3230196,6.5459569,45.3229798,6.5468358,45.3228816,6.5474216,45.3228161,6.5487787,45.3226645,6.5502063,45.3229385,6.5510297,45.3236065,6.5514548,45.3241628,6.5520035,45.3248809,6.5525384,45.3255809,6.5527009,45.3257936",way/30892133,platter,,,,,,,,,,Stade,,,,,,600,05:03,970,1,,,,,,,,,,,,,,,,,,
,,,LineString,"6.5442486,45.3029501,6.5444944,45.302191,6.5447493,45.301404,6.5448951,45.3009536,6.5453093,45.2996746,6.5456616,45.2985866,6.5460582,45.297362,6.5464541,45.2961392,6.5467512,45.2952217,6.5471188,45.2940866,6.5475598,45.2927244,6.5479859,45.2914083,6.5483955,45.2901433,6.5491746,45.287737,6.5494704,45.2868232,6.5495617,45.2865413",way/31091698,chair_lift,,,,,,,,,,Plan de l'Eau,,,,,no,1800,09:06,1258,6,B 71,,no,,,,,,,,,,,,,,,
,,,LineString,"6.5698564,45.4025415,6.5706453,45.4025333,6.5775938,45.4024612",way/31092331,chair_lift,,,,,survey,,,,,Morel,,,,,no,700,04:37,639,3,,,no,,,,,,,,,,,,,,,
,,,LineString,"6.5680505,45.3638559,6.5680074,45.3633663,6.567898,45.3621225,6.5676286,45.3590596,6.567547,45.3581318,6.5673997,45.3564579,6.5673131,45.3554728,6.5672381,45.3546206,6.5672145,45.3541333,6.5672042,45.3539197",way/33445807,chair_lift,,,,,,,,,,Roc de Tougne,,,,,no,2400,3,,6,M 57,,no,,,,,,,,,,,,,,,
,,,LineString,"6.5630957,45.3767062,6.5628437,45.3759479,6.5624778,45.3750441,6.562031,45.3739405,6.5616385,45.3729709,6.561017,45.3714358,6.5606598,45.3705534,6.5603924,45.3698929,6.5600026,45.3689299,6.5594024,45.3674473,6.5590261,45.3665176,6.5587687,45.3658817,6.5582712,45.3646529,6.558193,45.3644597,6.5581259,45.3642938,6.5580152,45.3640203",way/37718800,chair_lift,,,,,cadastre-dgi-fr source : Direction Générale des Impôts - Cadastre;mise à jour : 2009,,,,,Tougnète 2,,,,,yes,3000,04:44,1562,6,,,no,,,,,,,,,,,,,,,
,,,LineString,"6.544284,45.3131214,6.5444767,45.3132253,6.544562,45.3132712,6.5446041,45.3132939,6.5453558,45.3136992,6.5467557,45.3144538,6.5483774,45.3153281,6.5496478,45.3160129,6.5507195,45.3165906,6.5525663,45.3175861,6.5537888,45.3182451,6.5545808,45.318672,6.5567346,45.3198329,6.5577389,45.3203743,6.5588916,45.3209956,6.5599968,45.3215913,6.560711,45.3219763,6.5614324,45.3223651,6.5629911,45.3232052,6.5642277,45.3238718,6.5649597,45.3242663",way/46721333,chair_lift,,,,,,,,,,Sunny Express,,,,,no,2400,06:26,2124,6,,,,,,,,,,,,,,,,,,
,,,LineString,"6.5356737,45.3185285,6.5366232,45.3179613,6.5375419,45.3174125,6.5387349,45.3166999,6.5404707,45.3156629,6.5415672,45.3150079,6.5424308,45.314492,6.5436572,45.3138319,6.5438353,45.3137327",way/46721336,chair_lift,,,,,,,,,,Reberty,,,,,no,1800,02:47,837,6,,no,no,"Replaced in 2012, aerial imagery may be out of date",,,,,,,,,,,,,,
,,,LineString,"6.5538169,45.3542431,6.5540311,45.3542339,6.5544678,45.3542151,6.555826,45.3541566,6.5572665,45.3540945,6.5588486,45.3540264,6.5602827,45.3539646,6.5620777,45.3538873,6.5634527,45.353828,6.5647698,45.3537713,6.5662569,45.3537072,6.5664156,45.3537004",way/46936326,platter,,,,,,,,,,Teppes,,,,,,715,04:58,1839,2,,,,,,,,,,,,,,,,,,
,,,LineString,"6.5922601,45.3496425,6.5920317,45.3485626,6.5920183,45.3484957,6.5919153,45.3479821,6.5917507,45.3471617,6.5915284,45.3460536,6.5914,45.3454136,6.5911413,45.3441242,6.5911255,45.3440452,6.5909645,45.3432429,6.5908315,45.3428037,6.5907572,45.3424448,6.5907106,45.3422201",way/47266027,chair_lift,,,,,,,,,,Mures Rouges,,,,,,1800,03:35,860,4,M 72,,,,,,,,,,,,,,,,,
,,,LineString,"6.5351097,45.3270294,6.537652,45.326065,6.539131,45.325504",way/53513552,cable_car,,,,,,,,,,Preyerand,,,,,,1244,0:45,,36,,,,,,,,,08:00-23:00,,,,,,,,,
,,,LineString,"6.5810046,45.3726081,6.5815839,45.3726788,6.5827081,45.3728161,6.5836108,45.3729263,6.5846267,45.3730504,6.5856426,45.3731744,6.5863522,45.3732792",way/73410826,platter,,,,,,,,,,Aigle,,,,,,800,02:32,450,1,M 52,,,,,,,,,,,,,,,,,
,,,LineString,"6.5048891,45.379449,6.5059953,45.377262",way/92079036,platter,,,,,,,,,,Village,,,,,,1800,03:05,369,4,,,,,,,,,,,,,,,,,,
,,,LineString,"6.6194946,45.3964285,6.6158261,45.3912144,6.6105018,45.383432,6.6102757,45.3830707",way/94157939,cable_car,,,,,,,,,,Saulire,,,,,,1704,02:35,1713,143,,,,,,,,,,,,,,,,,,
,,,LineString,"6.5808396,45.3708547,6.5812168,45.37017",way/98031316,rope_tow,,,,,,,,,,,,,,,,,,,,,,,,,,,,,,,,,,,,,
,,,LineString,"6.5426493,45.3118615,6.54347,45.3109509",way/98939351,magic_carpet,,,,,,,,,,Plans,,,,,,,,,,,,,,,,,,,,,,,,,,,
,,,LineString,"6.5698816,45.2449846,6.5701898,45.2458279",way/99075723,rope_tow,,,,,,,,,,Débutants,,,,,,1500,01:26,104,,,,,,,,,,,,,,,,,,,
,,,LineString,"6.5754573,45.2962501,6.5782973,45.2959166",way/99075748,magic_carpet,,,,,,,,,,Musaraigne,,,,,,,,,,,,,,,,,yes,,,,,,,,,,
,,,LineString,"6.5779015,45.2954083,6.5807507,45.2949727",way/99075769,magic_carpet,,,,,,,,,,Campagnols,,,,,,,,,,,,no,,,,,yes,,,,,,,,,,
,,,LineString,"6.5801251,45.3741118,6.5796648,45.3740994,6.5784471,45.3740665,6.5766117,45.3740169,6.5752794,45.373981,6.5739553,45.3739452,6.5731435,45.3739233",way/99177911,gondola,,,,,,,,,,Chalets,,,,,,522,6,562,6,M 54,,,,,,,,,"Group gondola; 4 cabins per group, 6 persons per cabin",,,,,,,,
,,,LineString,"6.5471175,45.3194856,6.5478225,45.3193774",way/100063942,magic_carpet,,,,,,,,,,,,,,,,,,,,,,,,,,,,,,,,,,,,,
,,,LineString,"6.5800872,45.3727465,6.578169,45.3726455",way/102024136,magic_carpet,,,,,,,,,,Doron,,,,,,,,,,,,no,,,,,yes,,,,,,,,,,
,,,LineString,"6.5754519,45.3960512,6.5742516,45.3970241",way/102212536,rope_tow,,,,,,,,,,,,,,,,,,,,,,,,,,,,,,,,,,,,,
,,,LineString,"6.5749874,45.3956194,6.576975,45.3938469",way/102212542,platter,,,,,,,,,,Côtes,,,,,,555,01:39,248,1,,,,,,,,,,,,,,,,,,
,,,LineString,"6.5608801,45.4080693,6.5609966,45.4077295,6.5611781,45.4072149,6.5614298,45.4065012,6.5615399,45.4061892,6.5620519,45.4047375,6.562351,45.4038895,6.5626896,45.4029295,6.5628709,45.4024014,6.5631922,45.4014655,6.5634567,45.400695,6.5639962,45.3991235,6.5647088,45.3970477,6.5649703,45.3962858,6.5655913,45.3944767",way/102455333,gondola,,,,,cadastre-dgi-fr source : Direction Générale des Impôts - Cadastre. Mise à jour : 2009,,2,,,Olympe 3,,,,,,,8,,6,,,,,,,,,,,,,,,,,,
,,,LineString,"6.55757,45.4283625,6.557751,45.427582,6.5578044,45.427248,6.5579252,45.4266488,6.5580334,45.4259645,6.5581503,45.4252257,6.5582938,45.4243187,6.5585103,45.4229498,6.5585511,45.4226924,6.5587997,45.4211209,6.5588799,45.4206134,6.5591623,45.4188281,6.5593342,45.4177416,6.5594764,45.4168428,6.5596372,45.4158259,6.5597388,45.4151836,6.5598748,45.4143235,6.5600508,45.4132111,6.5603313,45.4114374,6.5604414,45.4107411,6.5606643,45.409373,6.5607668,45.4087442,6.5608801,45.4080693",way/102455335,gondola,,,,,cadastre-dgi-fr source : Direction Générale des Impôts - Cadastre. Mise à jour : 2009,,2,,,Olympe 2,,,,,,,8,,6,,,,,,,,,,,,,,,,,,
,,,LineString,"6.5781656,45.4047617,6.5773431,45.4035529",way/103076326,rope_tow,,,,,,,,,,Fontany,,,,,,1600,01:43,155,,,,,,,,,,,,,,,,,,,
,,,LineString,"6.5739124,45.3969069,6.5745042,45.3963887",way/103077907,magic_carpet,,,,,,,,,,,,,,,,,,,,,,,,,,,,,,,,,,,,,
,,,LineString,"6.5389325,45.3213902,6.5404736,45.319632",way/104588244,platter,,,,,,,,,,,,,,,,,,,,,,,,,,,,,,,,,,,,,
,,,LineString,"6.5668489,45.3912949,6.5651693,45.3911416,6.5623414,45.3908835,6.5613723,45.3907496,6.5605625,45.3906377,6.5597527,45.3905258",way/105224952,platter,,,,,,,1,,,Stade,,,,,,300,02:30,300,1,,,,,,,,,,,,,,,,,,
,,,LineString,"6.5355077,45.3265602,6.5367219,45.3260605",way/107706611,magic_carpet,,,,,,,,,,Preyerand,,,,,,,,,,,yes,,,,,,,,,,,,,,,,
,,,LineString,"6.5342179,45.3262064,6.5347813,45.3255689",way/107706618,rope_tow,,,,,,,,,,Fil Neige,,,,,,1400,00:50,60,,,,,,,,,,,,,,,,,,,
,,,LineString,"6.5818017,45.3361082,6.5816983,45.3352907,6.581632,45.3346641,6.5815723,45.3341508,6.5814813,45.3332721,6.581329,45.3319106,6.5812064,45.3309212,6.5811855,45.330715,6.581135,45.3300796,6.5809736,45.3287326,6.5809059,45.3281493,6.5808648,45.3276034,6.5807408,45.3265292,6.5806817,45.3260612,6.5806519,45.3255433,6.5805512,45.3247582,6.5803168,45.3226456,6.5802284,45.321859,6.5799832,45.3197596,6.5799805,45.3196373,6.579989,45.3192768",way/141917124,chair_lift,,,,,gps + survey,,,,,Côte Brune,,,,,no,2400,06:33,1967,4,M 74,,no,,,,,,,,,,,,,,,
,,,LineString,"6.5918145,45.2722456,6.5929736,45.2701281,6.5940813,45.2681044,6.5952763,45.2659211",way/142814385,cable_car,,,,,,,,,,Thorens,,,,,,1710,01:48,871,40,,,,"Group cable car, 2 cabins per group, 40 persons per cabin",,,,,,,,,,,,,,
,,,LineString,"6.5880518,45.3892763,6.5884081,45.3891807,6.5885144,45.3891521,6.5892509,45.3889545,6.5908491,45.3885256,6.5948318,45.3874567,6.5948535,45.3874509,6.597237,45.3868112,6.5991564,45.3862961,6.6018443,45.3855747,6.6037751,45.3850565,6.6061078,45.3844304,6.6080576,45.3839071,6.6096974,45.383467,6.6098638,45.3834223,6.6101322,45.3833503",way/143740341,gondola,,,,,,,,,,Saulire Express 2,,,,,,2800,05:24,1948,8,,,,,,,,,,,,,,,,,,
,,,LineString,"6.6005083,45.255329,6.594326,45.2659185",way/266824429,zip_line,,,,,,,,,,Tyrolienne,,,,,,,,,,,,,,,,,,,,55 euro,zipwire,https://www.valthorens.com/en/activities-and-entertainment/winter-activities/the-tyrolienne.644.html,,,,,
,,,LineString,"6.5745872,45.3952806,6.575088,45.3942089",way/267582585,platter,,,,,,,,,,Piou Piou,,,,,,600,00:40,40,,,,,,,,,,,,,,,,,,,
,,,LineString,"6.5727693,45.2803157,6.5797306,45.2764093",way/321230486,platter,,,,,,,,,,Plateau 1,,,,,,900,03:25,716,1,,,,,,,,,,,,,,,,,,
,,,LineString,"6.5806646,45.3710822,6.5806369,45.370797,6.5805798,45.3702791,6.5804438,45.3690453,6.5803684,45.3683609,6.5802554,45.3673357,6.5801001,45.3659262,6.5798829,45.3639557,6.5795947,45.3619046,6.5792915,45.3593113,6.579096,45.357639,6.5789175,45.3561122,6.5788213,45.355289,6.5787003,45.3542533,6.578406,45.3517361,6.5781299,45.3493739,6.5778958,45.3473702,6.5776803,45.3455265,6.5774844,45.3438506,6.5774816,45.3435459",way/326284667,gondola,,,,,GPS,,,,,Plattieres,,,,,no,2800,10,,10,,,no,,,,,,,,,,,,,,,
,,,LineString,"6.5801287,45.3724193,6.5798924,45.3722836,6.5795074,45.3720793,6.5787348,45.3716717,6.5778936,45.3711941,6.5768252,45.3705875,6.5759261,45.370077,6.5743811,45.3691998,6.573348,45.3686132,6.5732536,45.3685596,6.5730539,45.3684462,6.572637,45.368212,6.5723393,45.3680448,6.5713472,45.3674875,6.5704825,45.3670018,6.5702484,45.3668703,6.5701589,45.36682,6.5689312,45.3661304,6.568057,45.3656342,6.5679912,45.3655968,6.5678031,45.3654812",way/328867567,chair_lift,,,,,survey,,,,,Combes,,,,,no,3000,,,6,,,no,,,,,,,,,,,,,,,
,,,LineString,"6.5258435,45.3394355,6.5261965,45.3392041,6.52681,45.3388019,6.5272746,45.3384973,6.5277711,45.3381719,6.5282449,45.3378612,6.5293199,45.3371565,6.5306365,45.3362934,6.5315558,45.3356907,6.5327856,45.3348844,6.5341164,45.334012,6.5350769,45.3333823,6.5357082,45.3329683,6.5371639,45.3320139,6.5380483,45.3314341,6.5400698,45.3301087,6.5420144,45.3288337",way/368612819,chair_lift,,,,,,,,,,Bettex,,,,,no,,,,4,,,no,,,,,,,,,,,,,,,
,,,LineString,"6.5762763,45.3714646,6.5756824,45.3716676,6.5746174,45.3720316,6.5735525,45.3723956",way/397352041,platter,,,,,,,,,,Arolles,,,,,,730,02:16,272,1,,,,,,,,,,,,,,,,,,
,,,LineString,"6.586268,45.2943202,6.5904925,45.2945272",way/473347179,platter,,,,,,,,,,,,,,,,,,,,,,,,,,,,,,,,,private,,,,
,,,LineString,"6.5824509,45.294281,6.5831431,45.2943516,6.5838456,45.294424,6.5846598,45.2945079,6.5855968,45.2946045,6.5874585,45.2947694,6.5891026,45.2949296,6.5911419,45.2951245,6.5928294,45.295293,6.5943525,45.2954549,6.5962517,45.2956566,6.597788,45.2958104,6.599786,45.2960104,6.6011202,45.2961439,6.6019086,45.2962228,6.6020953,45.2962415,6.6033487,45.296367,6.6045241,45.2964846,6.6057024,45.2966026,6.6066369,45.2966961",way/473347182,chair_lift,,,,,,,,,,Lac Blanc,,,,,no,,,,6,,,no,,,,Stade,,,,,,,,,,,
,,,LineString,"6.5538566,45.3840762,6.5536887,45.3835003,6.5534073,45.3825697,6.5531513,45.3817233,6.5527811,45.3804992,6.5525885,45.3798622,6.5522141,45.3786241,6.5519882,45.377877,6.5517947,45.3772371,6.5515996,45.3765919,6.551371,45.3758359,6.5510426,45.3747501,6.5509543,45.3744581,6.5507409,45.3737522",way/614806445,chair_lift,,,,,,,,,,Cherferie,,,,,no,2800,4,,6,,,no,,,,,,,,,,,,,,,
,,,LineString,"6.5775739,45.3714878,6.5768735,45.3708252",way/614815758,magic_carpet,,,,,,,,,,Table verte,,,,,,,,,,,,no,,,,,,,,,,,,,,,
,,,LineString,"6.5701186,45.2954531,6.5701982,45.2952568,6.5704437,45.2946509,6.5709852,45.293315,6.5714288,45.2922204,6.5716959,45.2915613,6.5718361,45.2912155,6.572273,45.2901375,6.5724487,45.289704,6.5726346,45.2892452,6.5730184,45.2882983,6.573724,45.2865571,6.5738534,45.2862378",way/661002647,chair_lift,,,,,,,,,,Deux Lacs,,,,,,,,,4,,,,,,,,,,,,,,,,,,
,,,LineString,"6.5736973,45.2823453,6.5751039,45.2859969,6.5762059,45.2905533,6.582766,45.2970104",way/671153159,zip_line,,,,,,,,,,Bee Flying,,,,,,,,,,,,,,,,,,,,,,,,,,,
,,,LineString,"6.5758899,45.2954658,6.5764712,45.2954185,6.5776127,45.295309,6.5805803,45.2950244,6.5839425,45.2947019,6.5883517,45.2942475,6.5927141,45.2938409,6.5952208,45.2935949,6.5969137,45.2934287,6.6011653,45.2930113,6.6102419,45.2920753,6.6132489,45.2917652,6.6143849,45.2916481",way/673676786,gondola,,,,,,,,,,Péclet,,,,,,2845,07:55,3140,33,B 98,,,,,,,,,,,,,,,,,
,,,LineString,"6.5381315,45.310366,6.5393992,45.3130217",way/753521964,zip_line,,,,,,,,,,Tyrolienne,,,,,,,,,,,,,,,,,,,,,,,,,,,
,,,LineString,"6.5398668,45.3129588,6.5383056,45.3105772",way/753521965,zip_line,,,,,,,,,,Tyrolienne,,,,,,,,,,,,,,,,,,,,,,,,,,,
,,,LineString,"6.541655,45.3139824,6.5417754,45.3145772",way/763936849,magic_carpet,,,,,,,,,,Tapis des Bruyères,,,,,,,,,,,,,,,,,,,,,,,,,,,
,,,LineString,"6.5445062,45.3148395,6.5447511,45.3144203",way/763936932,magic_carpet,,,,,,,,,,Tapis Reberty,,,,,,,,,,,,,,,,,,,,,,,,,,,
,,,LineString,"6.5393962,45.3240934,6.540335,45.323557",way/763937301,magic_carpet,,,,,,,,,,Tapis du Pelvoux,,,,,,,,,,,,no,,,,,,,,,,,,,,,
,,,LineString,"6.5598686,45.2629081,6.5600071,45.2626693,6.560032,45.2626264,6.5600559,45.2625852,6.5622485,45.2588039,6.5632994,45.2569915,6.5636955,45.2563083,6.5642968,45.2552712,6.5651988,45.2537154,6.5663151,45.2517901,6.5669549,45.2506866,6.5677449,45.2493239,6.5683783,45.2482312,6.5684803,45.2480553,6.5691493,45.2469014,6.5693391,45.2465739",way/764630868,gondola,,,,,,,1,,,Orelle-Caron,,,,,,2500,,,10,,no,,,,,,,,,,,,,gondola,25,,
,,,LineString,"6.5693205,45.2465309,6.5689266,45.2459085,6.5685691,45.2453074,6.5681862,45.2446623,6.5658701,45.2407809,6.5651559,45.2395752,6.5647149,45.238825,6.5638607,45.2374014,6.5629736,45.2359069,6.561941,45.2341814,6.561775,45.2339065,6.5610092,45.2324739,6.559906,45.2307438,6.5584141,45.2282541,6.5582511,45.2279538,6.5577312,45.2270835,6.5568254,45.2255684,6.556302,45.2247152,6.5554201,45.2230487,6.5542533,45.2211072,6.5530645,45.2191291,6.5518393,45.2170903,6.5505681,45.2149749,6.549988,45.2140096,6.5495574,45.213293,6.54916,45.2126316,6.5487426,45.211937,6.5478466,45.2104459,6.5471312,45.2092552,6.5468706,45.2088215,6.5464915,45.2081906,6.5461387,45.2076034",way/775134353,gondola,,,,,,,1,,,Orelle,,,,,,,,,10,,no,,,,,,,,,,,,,gondola,,,
,,,LineString,"6.5353853,45.3184002,6.5100288,45.2966654",way/844436979,gondola,,,,,,,,,,Pointe de la Masse,,,,,yes,2800,8,,14,,no,no,,,,,,,,,,,,,,gondola,2021
,,,LineString,"6.5670259,45.3927824,6.566267,45.392623",way/1028640559,magic_carpet,,,,,,,,,,,,,,,,,,,,,,,,,,,,,,,,,,,,,
,,,LineString,"6.5846083,45.3965207,6.5851126,45.3966563",way/1030749604,drag_lift,,,,,,,,,,,,,,,,,,,,,,,,,,,,,,,,,,,,,
